Japanese,English,Kana
行く,go,いく
見る,"see, look at",みる
多い,"a lot of, many",おおい
家,"home, household",いえ
これ,"this, this one",これ
それ,"that, that one",それ
私,I,わたし
仕事,"work, job",しごと
いつ,when,いつ
する,"do, make",する
出る,"go out, leave",でる
使う,"use, make use of",つかう
所,place,ところ
作る,"make, create",つくる
思う,think,おもう
持つ,"have, possess",もつ
買う,buy,かう
時間,"time, hour",じかん
知る,know,しる
同じ,"same, identical",おなじ
今,now,いま
新しい,new,あたらしい
なる,become,なる
まだ,"not yet, still",まだ
あと,after,あと
聞く,"hear, ask",きく
言う,"say, tell",いう
少ない,"few, little",すくない
高い,"high, tall",たかい
子供,child,こども
そう,"so, that way",そう
もう,"already, yet",もう
学生,student,がくせい
熱い,hot to touch,あつい
どうぞ,please,どうぞ
午後,"afternoon, p.m.",ごご
長い,long,ながい
本,"book, volume",ほん
今年,this year,ことし
よく,"often, well",よく
彼女,"she, one’s girlfriend",かのじょ
どう,"how, what",どう
言葉,"word, language",ことば
顔,face,かお
終わる,"finish, end",おわる
一つ,one thing,ひとつ
あげる,"give, offer",あげる
こう,"like this, such",こう
学校,school,がっこう
くれる,be given,くれる
始める,start something,はじめる
起きる,"get up, get out of bed",おきる
春,spring,はる
午前,"morning, a.m.",ごぜん
別,"another, different",べつ
どこ,where,どこ
部屋,room,へや
若い,young,わかい
車,"car, automobile",くるま
置く,"put, place",おく
住む,"live, reside",すむ
働く,work,はたらく
難しい,difficult,むずかしい
先生,teacher,せんせい
立つ,"stand, rise",たつ
呼ぶ,"call, name",よぶ
大学,"university, college",だいがく
安い,"cheap, inexpensive",やすい
もっと,more,もっと
帰る,go back home,かえる
分かる,understand,わかる
広い,"wide, big",ひろい
数,number,すう
近い,"near, close",ちかい
そこ,there,そこ
走る,run,はしる
入れる,put in,いれる
教える,"teach, tell",おしえる
歩く,"walk, go on foot",あるく
会う,meet,あう
書く,write,かく
頭,head,あたま
売る,sell,うる
大好き,like something a lot,だいすき
体,"body, physique",からだ
直ぐ,"at once, soon",すぐ
飛ぶ,fly,とぶ
とても,very,とても
誰,who,だれ
好き,"favorite, liked",すき
読む,read,よむ
次,next,つぎ
あなた,you,あなた
飲む,drink,のむ
古い,old,ふるい
質問,question,しつもん
今日,today,きょう
友達,"friend, companion",ともだち
早い,early,はやい
どれ,"what, which",どれ
美しい,beautiful,うつくしい
いつも,always,いつも
足,"leg, foot",あし
起こす,wake someone up,おこす
見せる,show,みせる
娘,"daughter, girl",むすめ
楽しむ,enjoy,たのしむ
色,color,いろ
みんな,everybody,みんな
取る,"take, get",とる
勉強,study,べんきょう
できる,"can do, be good at",できる
短い,"short, brief",みじかい
落ちる,"fall, come down",おちる
息子,son,むすこ
白い,"white, blank",しろい
飛行機,airplane,ひこうき
病気,illness,びょうき
冬,winter,ふゆ
年,"year, age",とし
重い,heavy,おもい
胸,"chest, breast",むね
払う,"pay money, respect, attention, etc.",はらう
軽い,light of weight,かるい
見つける,find,みつける
忘れる,"forget, leave behind",わすれる
酒,"alcohol, rice wine",さけ
どちら,which,どちら
姉,one’s own older sister,あね
覚える,"memorize, learn",おぼえる
狭い,"narrow, small",せまい
赤い,red,あかい
着る,"wear, put on",きる
笑う,"laugh, smile",わらう
一番,"most, best",いちばん
授業,"class session, lecture",じゅうぎょ
週,week,しゅう
漢字,Chinese character,かんじ
自転車,bicycle,じてんしゃ
電車,train,でんしゃ
探す,"search for, look for",さがす
紙,paper,かみ
歌う,sing,うたう
遅い,"slow, late",おそい
首,neck,くび
速い,fast,はやい
一緒に,"together, at the same time",いっしょ
今月,this month,こんげつ
遊ぶ,play,あそぶ
遠い,"far, distant",とおい
弱い,weak,よわい
耳,ear,みみ
座る,"sit, sit down",すわる
右,right,みぎ
浴びる,take a shower,あびる
肩,shoulder,かた
寝る,"lie down and sleep, go to sleep",ねる
消す,"switch off, turn off",けす
元気,"healthy, energetic",げんき
全部,"all, whole",ぜんぶ
去年,last year,きょねん
引く,"draw, pull",ひく
図書館,library,としょかん
上げる,"raise, lift",あげる
緑,green,みどり
腕,arm,うで
ドア,door loan word,ドア
女の子,little girl,おんな
男の子,boy,おとこ
私たち,we,わたしたち
近く,"near, close to",ちかく
やる,"do, give",やる
かなり,"fairly, rather",かなり
国,country,くに
起こる,happen,おこる
秋,"autumn, fall",あき
送る,send,おくる
死ぬ,die,しぬ
気持ち,"feeling, sensation",きもち
乗る,"ride, take",のる
いる,"be present, stay",いる
木,"tree, wood",き
開ける,"open, unlock doors, windows, etc.",あける
閉める,"shut, close doors, windows, etc.",しめる
続く,"continue, follow",つずく
お医者さん,doctor,おいしゃさん
円,Japanese yen,えん
ここ,here,ここ
待つ,"wait, wait for",まつ
低い,"low, short",ひくい
もらう,receive,もらう
食べる,eat,たべる
兄,one’s own older brother,あに
名前,name,なまえ
夫,husband,おっと
一,one,いち
結婚,marriage,けっこん
親,parent,おや
話す,"speak, talk",はなす
少し,"a bit, a little while",すこし
閉じる,"shut, close books, eyes, etc.",とじる
時,"time, moment",とき
米,rice grain,こめ
切る,cut,きる
楽しい,"fun, enjoyable",たのしい
服,clothes,ふく
後ろ,"back, behind",うしろ
嬉しい,"happy, glad",うれしい
腰,"waist, lower back",こし
日曜日,Sunday,にちようび
昼,"daytime, midday",ひる
お母さん,mother,おかあさん
大学生,university student,だいがくせい
終わり,"end, conclusion",おわり
背,"height, stature",せ
手伝う,"help, assist",てつだう
鼻,nose,はな
起きる,"occur, happen",おきる
載せる,"place, put on",のせる
悲しい,sad,かなしい
しゃべる,"chat, talk",しゃべる
近く,"in the near future, before long",ちかく
甘い,sweet,あまい
テーブル,table,テーブル
食べ物,food,たべもの
始まる,begin,はじまる
ゲーム,game,ゲーム
十,ten,じゅう
天気,weather,てんき
暑い,hot of weather,あつい
太い,"thick, fat",ふとい
晩,"evening, night from sunset to bedtime",ばん
土曜日,Saturday,どようび
痛い,"sore, painful",いたい
お父さん,"father, dad",おとうさん
多分,"probably, perhaps",たぶん
時計,"clock, watch",とけい
泊まる,stay overnight,とまる
どうして,how come,どうして
掛ける,"hang, put on",かける
曲がる,"make a turn, turn",まがる
お腹,"stomach, belly",おなか
ミーティング,meeting,ミーティング
嫌い,dislike habitual,きらい
金曜日,Friday,きにょうび
要る,"need, require",いる
無い,to not be,ない
風邪,cold illness,かぜ
黄色い,yellow,きいろ
優しい,"gentle, kind",やさしい
晴れる,"be sunny, clear up",はれる
汚い,dirty,きたない
茶色,brown,ちゃいろ
空く,"be empty, become less crowded",すく
上る,"go up, climb",のぼる
ご飯,"meal, cooked rice",ごはん
日,counter for days,にち
髪の毛,"hair, each single hair",かみのけ
つける,"switch on, turn on",つける
月曜日,Monday,げつようび
入る,enter,はいる
カタカナ,katakana,カタカナ
今週,this week,こん
開く,"open books, eyes, etc.",ひらく
水,water,みず
あれ,that over there,あれ
二,two,にち
締める,"tighten, fasten",しめる
まずい,"bad taste, distasteful",まずい
平仮名,hiragana,ひらがな
曇る,become cloudy,くもる
触る,"touch, feel",さわる
駄目,no good,だめ
飲み物,"beverage, drink",のみもんお
木曜日,Thursday,もくようび
曜日,day of the week,ようび
そば,"side, vicinity",そば
こっち,"here, this way casual",こっち
火曜日,Tuesday,かようび
渇く,be thirsty,かわく
三,three,さん
水曜日,Wednesday,すいようび
二つ,two things,ふたつ
今晩,"this evening, tonight",こんばん
千,thousand,せん
六日,"six days, sixth of the month",むいか
お姉さん,older sister,おねさん
直る,"be repaired, get fixed",なおる
ちょっと,"just a moment, just a little",ちょっと
四,four Japanese origin,よん
これから,"from now on, after this",これから
考える,"think, consider",かんがえる
戻る,return to a point of departure,もどる
変える,"change something, alter",かえる
朝,morning,あさ
歯,tooth,は
頑張る,"work hard, do one’s best",がんばる
携帯電話,cellular phone,けいたいでんわ
雨,rain,あめ
金,money,かね
易しい,"easy, simple",やさし
お兄さん,older brother,おにさん
大きい,big,おき
小さい,small,ちさい
辛い,"spicy, hot",からい
八,eight,はち
あそこ,over there,あそこ
来る,come,くる
前,"front, before",まえ
五日,"five days, fifth of the month",いつか
いっぱい,full,いっぱい
九,nine used before counter words,きゅ
酸っぱい,sour,すっぱい
違う,"differ, be wrong",ちがう
細い,"thin, slender",ほそい
三つ,three things,みつ
八日,"eight days, eighth of the month",ようか
高校生,high school student,ここせい
上手,"good, skilled",じょうず
強い,strong,つよい
七,seven Japanese origin,なんあ
二十日,"days, th of the month",はつか
左,left,ひだり
二日,"two days, second of the month",ふつか
四つ,four things,よつ
暖かい,warm,あたたかい
ある,"exist, there is",ある
いい,good in/spoken form,いい
上,"up, above",うえ
駅,train station,えき
美味しい,tasty,おいし
昨日,yesterday,きのう
綺麗,"pretty, clean",きれい
五,five,ご
九つ,nine things,ここのつ
お願い,favor,おねがい
答える,give an answer,こたえる
先,"ahead, first",さき
寒い,cold temperature of the air,さむい
四,four Chinese origin,し
三日,"three days, third of the month",みっか
下,"under, below",した
大丈夫,"all right, OK",だいじょうぶ
大人,adult,おとな
出す,take out,だす
父,speaker’s father,ちち
母,speaker’s mother,は
月,moon,つき
妹,younger sister,いもうと
冷たい,cold to touch,つめたい
弟,younger brother,おとうと
手,hand,て
十日,"ten days, tenth of the month",とおか
口,mouth,くち
夏,summer,なつ
七つ,seven things,なんあつ
時々,sometimes,ときどき
何,what,なに
人,person,ひと
一人,one person,ひとり
一日,first of the month,ついたち
九日,"nine days, ninth of the month",ここのか
方,"direction, side",ほう
他,other Japanese origin,ほか
僕,"I, me usually used by young males",ぼく
欲しい,"want, desire of the speaker",ほしい
万,ten thousand,まん
見える,"be visible, can see",みえる
道,"street, way",みち
五つ,five things,いつ
目,eye,め
八つ,eight things,やっつ
止める,stop a car…. 止める yameru give up,とめる
四日,"four days, fourth of the month",よっか
夜,night from sunset to sunrise,よる
来年,next year,らいねん
六,six,ろく
悪い,bad,わるい
お手洗い,"toilet, bathroom",おてあらい
ご主人,someone else’s husband,ごしゅじん
本当に,"really, truly",ほんとうに
自分,"self, oneself",じぶん
ため,"sake, purpose",ため
見つかる,"be found, be caught",みつかる
休む,"take a rest, take a break",やすむ
ゆっくり,slowly,ゆっくり
六つ,six things,むっつ
花,flower,はな
動く,move,うごく
線,line,せん
七日,"seven days, seventh of the month",なのか
以外,except for,いがい
男,"man, male",おとこ
彼,"he, one’s boyfriend",かれ
女,woman,おんな
妻,woman,つま
百,hundred,ひゃく
辺,vicinity,あたり
店,"shop, store",みせ
閉まる,"be shut, be closed",しまる
問題,"problem, question",もんだい
必要,"need, necessary",ひつよう
もつ,"last long, be durable",もつ
開く,open,ひらく
昨年,"last year , often used in writing",さくねん
治る,"be cured, get well",なおる
ドル,dollar,ドル
システム,system loan word,システム
以上,"more than, not less than",いじょう
最近,"recent, latest",さいきん
世界,world,せかい
コンピューター,computer,コンピューター
やる,give to an inferior,やる
意味,"meaning, sense",いみ
増える,"increase, accrue",ふえる
選ぶ,"choose, elect",えらぶ
生活,"life, living",せいかつ
進める,"go ahead, proceed",すすめる
続ける,"continue, keep up",つずける
ほとんど,"almost, hardly",ほとんど
会社,"company, corporation",かいしゃ
家,"house, dwelling",いえ
多く,"much, largely",おおく
話,"talk, story",はなし
上がる,"go up, rise physical movement",あがる
もう,"another, again",もう
集める,"collect, gather",あつめる
声,"voice, sound",こえ
初めて,for the first time,はじめて
変わる,"change, turn into",かわる
まず,"first of all, to begin with",まず
社会,society,しゃかい
プログラム,program booklet,プログラム
力,"strength, power",ちから
今回,this time,こんかい
予定,"schedule, plan",よてい
まま,"as is, still in the current state",まま
テレビ,television,テレビ
減る,"decrease, diminish",へる
消える,"be extinguished, disappear",きえる
家族,"family, household",かぞく
比べる,"compare, contrast",くらべる
生まれる,"be born, come into existence",うまれる
ただ,free,ただ
これら,these,これら
調べる,"investigate, check",しらべる
事故,"accident, trouble",じこ
電話,"telephone, phone call",でんわ
外国,foreign country,がいこく
銀行,bank,ぎんこう
十分,"enough, plentiful",じゅうぶん
あまり,not much,あまり
写真,photograph,しゃしん
繰り返す,repeat,くりかえす
種類,"kind, type",しゅるい
意見,opinion,いけん
新聞,newspaper,しんぶん
文章,"sentence, writing",ぶんしょう
目立つ,"stand out, be conspicuous",めだつ
相手,"opponent, the other party",あいて
病院,hospital,びょういん
厚い,"thick, bulky",あつい
忙しい,"busy, occupied",いそがしい
薄い,"thin, weak",うすい
川,"river, stream",かわ
暗い,"dark, gloomy",くらい
クラス,class in school,クラス
黒い,"black, dark",くろい
バス,bus,バス
青い,blue,あおい
買い物,"shopping, purchase",かいもの
薬,"drug, medicine",くすり
砂糖,sugar,さとう
休み,"holiday, break",やすみ
郵便局,post office,ゆうびんきょく
住所,address,じゅうしょ
こちら,"here, this way",こちら
財布,"purse, wallet",さいふ
パスポート,passport,パスポート
椅子,chair,いす
可愛い,"cute, sweet",かわいい
お祖父さん,grandfather,おじいさん
切手,postage stamp,きって
涼しい,cool of temperature,すずしい
いくつ,"how many, how old",いくつ
メニュー,menu,メニュー
電気,"electricity, electric light",でんき
勝つ,win,かつ
負ける,lose,まける
建てる,"build, erect",たてる
日記,diary,にっき
売り切れ,sell out,うりきれ
お巡りさん,police officer,おまわりさん
目覚まし時計,alarm clock,めざましとけい
レシート,receipt loan word,レシート
ティッシュ,tissue,ティッシュ
歯ブラシ,toothbrush,はぶらし
下りる,"go down, come down",おりる
洗う,wash,あらう
パート,part-time,パート
氏名,full name,しめい
今夜,"tonight, this evening",こにゃ
夜中,midnight,よなか
来週,next week,らいしゅう
誰か,someone,だれか
何,what,なに
今朝,this morning,けさ
寿司,sushi,すし
履く,"put on shoes, wear pants, skirt",はく
おじさん,uncle,おじさん
おばさん,aunt,おばさん
お祖母さん,grandmother,おばあさん
いとこ,cousin,いとこ
辞書,dictionary category,じしょ
朝ご飯,breakfast,あさごはん
白,white,しろ
どっち,which casual,どっち
そっち,there casual,そっち
明日,tomorrow,あした
明後日,day after tomorrow,みょうごにち
一昨日,the day before yesterday,おととい
庭,"garden, yard",にわ
左側,left side,ひだりがわ
右側,right side,みぎがわ
指,"finger, toe",ゆび
眼鏡,glasses,めがね
鞄,"bag, handbag",かばん
あっち,"other side, over there casual",あっち
大人しい,"gentle, quiet",おとなしい
下手,not good at,へた
厳しい,"strict, severe",きびしい
一人で,"by oneself, alone",ひとりで
答え,"answer, solution",こたえ
この頃,"these days, recently",このごろ
残念,"regretful, disappointing",ざんねん
仕舞う,"put away, put in",しまう
心配,"anxiety, worry",しんぱい
外,"outside, open air",そと
大切,"important, valuable",たいせつ
ちょうど,"just, exactly",ちょうど
助ける,"help, save",たすける
勤める,"serve, hold a job",つとめる
連れていく,"take along, bring along a person",つれていく
丈夫,"healthy, sturdy",じょうぶ
賑やか,"lively, exciting",にぎやか
眠い,sleepy,ねむい
山,mountain,やま
橋,bridge,はし
止まる,"come to a stop, cease",とまる
降る,"fall, come down rain, snow, etc.",ふる
本当,"reality, genuine",ほんとう
町,"town, city",まち
お菓子,"sweets, snacks",おかし
緩い,"slack, loose",ゆるい
良い,good /written form,よい
ようこそ,welcome greeting,ようこそ
お土産,souvenir,おみやげ
両親,parents,りょうしん
ウェーター,waiter,ウェーター
ウェートレス,waitress,ウェートレス
絶対に,"absolutely, definitely",ぜったいに
ごちそう,"feast, treat",ごちそう
フォーク,fork,フォーク
スプーン,spoon,スプーン
瓶,bottle,びん
つく,"be on, be switched on",つく
醤油,soy sauce,しょうゆ
茶碗,rice bowl,ちゃわん
決める,"decide, agree upon",きめる
感じる,"feel, sense",かんじる
生きる,live one’s life,いきる
動かす,move something,うごかす
壊れる,"break, break down",こわれる
復習,review,ふくしゅう
眉,eyebrow,まゆ
客,"visitor, customer",きゃく
机,desk,つくえ
風呂,bath,ふろ
湯,hot water,ゆ
ぬるい,"tepid, lukewarm",ぬるい
風邪薬,cold medicine,かぜぐすり
靴下,socks,くつした
たばこ,"tobacco, cigarette",たばこ
アイスコーヒー,iced coffee,アイスコーヒー
天ぷら,Japanese deep-fried food,て
肉,"flesh, meat",にく
昨夜,"last night, last evening",さくや
流行る,"be in fashion, be popular",はやる
連れて来る,bring a person,つれてくる
方,person form,かた
零,zero,れい
雲,cloud,くも
空,sky,そら
人気,popularity,にんき
兄さん,one’s own older brother,にいさん
姉さん,one’s own older sister,ねえさん
平成,Heisei era,へいせい
毎月,every month,まいつき
半日,half a day,はんにち
半月,half a month,はんつき
なるほど,"I see, really",なるほど
つまり,"in short, that is to say",つまり
そのまま,"as it is, just like that",そのまま
はっきり,clearly,はっきり
大変,"awful, hard",たいへん
簡単,"simple, easy",かんたん
似ている,"look like, resemble",にている
驚く,"be surprised, be startled",おどろく
嫌,dislike situational,いや
喧嘩,"fight, argument",けんか
遅れる,be late,おくれる
にんじん,carrot,にんじん
ジャガイモ,potato,ジャガイモ
ナス,eggplant,ナス
やかん,kettle,やかん
話し合う,"discuss, talk over",はなしあう
残す,"leave, leave undone",のこす
ごちそうする,"treat, host a meal",ごちそうする
合う,"fit, match",あう
当たる,"go straight and hit, strike",あたる
集まる,"gather, be collected",あつまる
場所,"place, space",ばしょ
海,"sea, ocean",うみ
少年,boy between and years old,しょうねん
孫,grandchild,まご
生徒,"pupil, student",せいと
高校,high school for short,こうこう
年上,"older, senior",としうえ
卒業,graduation,そつぎょう
運動,"movement, exercise",うんどう
選手,"athlete, sports player",せんしゅ
映画,movie,えいが
英語,English,えいご
手紙,letter,てがみ
動物,animal,どうぶつ
音,"sound, noise",おと
海外,"overseas, abroad",かいがい
外国人,foreigner,がいこくじん
帰国,return to one’s country,きこく
彼ら,they,かれら
機械,machine,きかい
基本,basics,きほん
今度,"this time, next time",こんど
最後,last,さいご
最初,"first, outset",さいしょ
準備,"preparation, arrangement",じゅんび
進む,"advance, move forward",すすむ
直接,directly,ちょくせつ
特に,"specially, particularly",とくに
届く,"reach, be received",とどく
なぜ,why,なぜ
並ぶ,"line up, be parallel",ならぶ
運ぶ,"carry, transport",はこぶ
直す,"repair, fix",なおす
反対,"oppose, object",はんたい
場合,"situation, case",ばあい
詳しい,detailed,くわしい
いたずら,"mischief, prank",いたずら
お祝い,celebrate,おいわい
くし,comb,くし
こぼれる,"spill, overflow",こぼれる
伝える,"convey, transmit",つたえる
膝,knee,ひざ
肘,elbow,ひじ
枕,pillow,まくら
建物,"building, structure",たてもの
道路,road,どうろ
四つ角,intersection,よつかど
曲がり角,corner to turn,まがりかど
警察,police,けいさつ
空気,"air, atmosphere",くうき
スポーツ,sport,スポーツ
チャンス,chance,チャンス
クリーニング,dry cleaning,クリーニング
サービス,"service, on the house",サービス
グループ,group,グループ
自宅,"one’s house, one’s home",じたく
家庭,"home, family",かてい
期間,"term, period",きかん
年度,"year, school year",ねんど
経験,"experience, knowledge",けいけん
安全,"safety, security",あんぜん
危険,"danger, dangerous",きけん
注意,"attention, care",ちゅうい
成功,success,せいこう
努力,"endeavor, effort",どりょく
説明,"explanation, description",せつめい
地震,earthquake,じしん
手術,surgical operation,しゅじゅつ
火傷,burn,やけど
課題,"task, assignment",かだい
子,"young child, kid",こ
確認,confirmation,かくにん
実際,"reality, actual state",じっさい
国際,international,こくさい
会議,"conference, meeting",かいぎ
提案,"proposition, proposal",ていあん
事務所,"office, one’s place of business",じむしょ
教授,professor,きょうじゅ
世紀,century,せいき
あちこち,"all over, here and there",あちこち
そちら,"there, that way",そちら
あちら,"over there, that way",あちら
もし,"if, in case of",もし
うるさい,"noisy, annoying",うるさい
固い,"stiff, tight",かたい
深い,"deep, profound",ふかい
面白い,"interesting, amusing",おもしろい
全く,"entirely, truly",まったく
半分,half,はんぶん
普通,"normal, regular",ふつう
分,"amount, share",ぶん
文化,culture,ぶんか
毎日,every day,まいにち
気を付ける,"be careful about, pay attention to",きをつける
守る,"protect, observe",まもる
もちろん,of course,もちろん
やはり,as expected,やはり
いくら,how much money,いくら
よろしく,one’s regards,よろしく
どなた,who,どなた
許す,"permit, forgive",ゆるす
分ける,"divide, share",わける
自然,nature,しぜん
アパート,"apartment, flat",アパート
ホテル,hotel,ホテル
パソコン,personal computer,パソコン
うまい,good at,うまい
明るい,"bright, cheerful",あかるい
急ぐ,"hurry, do quickly",いそぐ
歌,song,うた
中学校,junior high school,ちゅうがっこう
テスト,test,テスト
ポスト,"postbox, mailbox",ポスト
ハンカチ,handkerchief,ハンカチ
髪,"hair, hairstyle",かみ
帽子,"hat, cap",ぼうし
被る,"wear, put on on one’s head",かぶる
ブラウス,blouse,ブラウス
週末,weekend,しゅうまつ
先週,last week,せんしゅう
再来週,the week after next,さらいしゅう
いつか,"some time, some day",いつか
宿題,homework,しゅくだい
鍵,"key, lock",かぎ
傘,"umbrella, parasol",かさ
乗り換える,"change, transfer",のりかえる
向かう,"face, head toward",むかう
本屋,bookstore,ほにゃ
お茶,tea,おちゃ
改札口,ticket gate,かいさつぐち
晴れ,"fine weather, clear sky",はれ
バス停,bus stop,ばすてい
曇り,cloudy weather,くもり
塩,salt,しお
たくさん,"a lot, in large quantity",たくさん
大嫌い,hate,だいきらい
中,"inside, middle",なか
二階,"second floor, upstairs",にかい
無くす,"lose, get rid of",なくす
まあまあ,"OK, not bad",まあまあ
黄色,yellow color,きいろ
ランチ,lunch loan word,ランチ
魚,fish,さかな
味,"taste, flavor",あじ
りんご,apple,りんご
みかん,tangerine,みかん
皿,"plate, counter for plates or helpings",さら
コーヒー,coffee,コーヒー
コップ,"cup, glass",コップ
二人,two persons,ふたり
止む,"stop, cease",やむ
九,nine,きゅう
昼間,"daytime, during the day",ひるま
いつ頃,"about when, about what time",いつごろ
字,"individual character, letter",じ
七,seven Chinese origin,なんあ
お釣り,change of money,おつり
名字,"surname, family name",みょうじ
おじ,one’s own uncle,おじ
おば,one’s own aunt,おば
祖父,grandfather,そふ
祖母,grandmother,そぼ
大事,importance,だいじ
見方,"view, perspective",みかた
鳥,"bird, poultry",とり
犬,dog,いぬ
返事,"reply, answer, response",へんじ
また,"again, also, or",また
年間,period of one year,ねんかん
青,"blue, green",あお
赤,red color,あか
信号,"signal, traffic light",しんごう
円,circle,えん
非常に,"very, extremely",ひじょうに
複雑,"complicated, intricate",ふくざつ
平和,"peace, harmony",へいわ
回る,"turn round, go around",まわる
若者,"young person, youth",わかもの
雪,"snow, snowfall",ゆき
うまい,"sweet, delicious",うまい
思い出す,"recollect, recall",おもいだす
聞こえる,"hear, be heard",きこえる
借りる,borrow,かりる
返す,"return, repay",かえす
受け取る,"receive, get",うけとる
捨てる,"discard, abandon",すてる
一緒,"together, same",いっしょ
遊び,"play, amusement",あそび
移す,"move, transfer",うつす
大きさ,"size, dimension",おおきさ
考え,"thought, idea",かんがえ
空港,airport for public transportation,くうこう
出発,"departure, starting",しゅっぱつ
地図,"map, atlas",ちず
運転,drive,うんてん
降りる,"get off, land",おりる
ガス,gas loan word,ガス
必ず,"without exception, always",かならず
カメラ,camera,カメラ
通う,"go to and from, frequent a place",かよう
急に,"suddenly, unexpectedly",きゅうに
サラリーマン,"office worker, company employee",サラリーマン
給料,"salary, pay",きゅうりょう
曲,piece of music,きょく
切れる,"cut well, be sharp",きれる
正しい,"correct, righteous",ただしい
苦しい,"painful, agonizing",くるしい
細かい,"minute, fine",こまかい
静か,"quiet, tranquil",しずか
健康,health,けんこう
ゴルフ,golf,ゴルフ
コース,"course, route",コース
頼む,"order, ask for",たのむ
困る,"be in trouble, not know what to do",こまる
ずっと,"all the time, all through",ずっと
例えば,for example,たとえば
つもり,"intention, purpose",つもり
しばらく,"a little while, a while",しばらく
紹介,introduction,しょうかい
小学校,elementary school,しょうがっこう
公園,"park, public garden",こうえん
中学,junior high,ちゅうがく
成績,"results, grade",せいせき
教科書,"textbook, schoolbook",きょうかしょ
席,"seat, one’s place",せき
教室,"classroom, class",きょうしつ
教師,"teacher, instructor",きょうし
試験,exam,しけん
合格,pass an examination,ごうかく
数学,mathematics,すうがく
数字,numeric characters,すうじ
音楽,music,おんがく
食事,meal,しょくじ
壁,"wall, partition",かべ
信じる,"believe, trust",しんじる
育てる,"bring up, raise",そだてる
倒れる,fall over,たおれる
落とす,drop,おとす
代わる,"substitute, be substituted for",かわる
タクシー,taxi,タクシー
確か,"for sure, for certain",たしか
立てる,"stand, set up",たてる
中学生,junior high school student,ちゅうがくせい
売れる,"sell, be in demand",うれる
着く,"arrive at, reach",つく
決まる,be decided,きまる
飾る,decorate,かざる
殺す,kill,ころす
下げる,"lower, turn down",さげる
贈る,"offer, give",おくる
訪ねる,"visit, go to see",たずねる
打つ,"hit, strike",うつ
相談,"consultation, advice",そうだん
玄関,"entrance, door",げんかん
兄弟,sibling,きょうだい
長男,eldest son,ちょうなん
高さ,height,たかさ
用,things to do,よう
時代,"age, era",じだい
位置,"position, location",いち
季節,season,きせつ
穴,hole,あな
裏,"the back, the reverse side",うら
島,island Japanese origin,しま
海岸,"seashore, coast",かいがん
ガラス,glass material,ガラス
自然,natural,しぜん
風,wind,かぜ
科学,science,かがく
太陽,sun,たいよう
台風,typhoon,たいふう
北,north,きた
馬,horse,うま
牛肉,beef,ぎゅうにく
雑誌,"magazine, journal",ざっし
小説,novel,しょうせつ
大使館,embassy,たいしかん
故障,"malfunction, breakdown",こしょう
温度,temperature,おんど
何か,"something, some",なにか
向こう,"over there, on the other side",むこう
真ん中,"center, middle casual",まんなか
遠く,"far away, at a distance",とおく
横,"side, width across",よこ
つまらない,"boring, dull",つまらない
素晴らしい,"excellent, wonderful",すばらしい
毎年,every year,まいとし
来月,next month,らいげつ
日時,date and time,にちじ
夕方,"early evening, at dusk",ゆうがた
通る,"pass, go through",とおる
自動車,automobile,じどうしゃ
慣れる,"grow accustomed to, get used to",なれる
撮る,"take a photograph, film",とる
やっと,"at last, finally",やっと
どんどん,"knock, bang",どんどん
並べる,"line up, arrange",ならべる
逃げる,"escape, run away",にげる
渡す,"hand over, give",わたす
値段,price,ねだん
両方,both,りょうほう
約束,"promise, vow",やくそく
一部,part,いちぶ
ラジオ,radio,ラジオ
入院,be hospitalized,にゅういん
ニュース,news,ニュース
旅行,"travel, trip",りょこう
用意,preparation,ようい
伸びる,"stretch, grow",のびる
パーティー,party,パーティー
ビール,beer,ビール
早く,"early, soon",はやく
番組,program,ばんぐみ
ビデオ,video,ビデオ
増やす,increase,ふやす
振る,"wave, shake",ふる
迎える,"welcome, receive a visitor",むかえる
無理,"unreasonable, impossible",むり
珍しい,"rare, scarce",めずらしい
有名,famous,ゆうめい
喜ぶ,"be happy, be delighted",よろこぶ
留学,study abroad,りゅうがく
料理,cooking,りょうり
野菜,vegetable,やさい
分かれる,"be divided, split off",わかれる
特別,special,とくべつ
理由,"reason, excuse",りゆう
自由,freedom,じゆう
方向,"direction, course",ほうこう
残る,"remain, be left over",のこる
ビル,building,ビル
まとめる,"gather together, put in order",まとめる
流れる,"flow, run",ながれる
セーター,sweater,セーター
シャツ,shirt,シャツ
洗濯,"laundry, washing",せんたく
間違える,"make a mistake, fail at",まちがえる
アイスクリーム,ice cream,アイスクリーム
乾く,become dry,かわく
冷める,cool off,さめる
色々,a variety of,いろいろ
持って行く,"take, bring",もっていく
着替える,change clothes,きがえる
石鹸,soap,せっけん
野球,baseball,やきゅう
昼食,lunch,ちゅうしょく
朝食,breakfast,ちょうしょく
眠る,"sleep, lie idle",ねむる
初め,beginning,はじめ
火,"fire, flame",ひ
西,"west, western",にし
東,"east, eastern",ひがし
南,south,みなみ
夕食,"supper, dinner",ゆうしょく
なかなか,"rather, pretty",なかなか
励ます,"encourage, cheer up",はげます
涙,tear,なみだ
夢,dream,ゆめ
職場,"place of work, office",しょくば
隣,"next to, next door",となり
マンション,"apartment, residential building",マンション
エレベーター,elevator,エレベーター
窓,window,まど
押す,"push, press down",おす
入学,"enter a school, matriculate",にゅうがく
戸,"door, sliding door",と
通り,"street, road",とおり
亡くなる,"die, pass away",なくんある
夫婦,"husband and wife, married couple",ふうふ
女性,"woman, female",じょせい
森,forest,もり
トラック,truck,トラック
レコード,record,レコード
熱,"heat, fever",ねつ
ページ,page,ページ
踊る,dance,おどる
長さ,length,ながさ
厚さ,thickness,あつさ
秘密,"secret, privacy",ひみつ
